<?xml version="1.0" encoding="utf-8"?>
<dlg name="dlg_main" title="[APP_NAME]" width="700" height="433" translucent="245"
	frame="" bkimg="skin:SKIN_PIC_5" crbk="000000" appwin="1" resize="0"
	width-lt="3" height-lt="100" width-rb="3" height-rb="30" topmost="0"
	img-shadow="skin:IDB_WINDOW_SHADOW" shadow-wlt="5" shadow-hlt="3" shadow-wrb="5" shadow-hrb="7">

  <base>
	<imgbtn name="button.close" pos="-45,0,-0,29" skin="IDB_BT_CLOSE" tip="关闭" action="close-window" show="1"/>
	<imgbtn name="button.min" pos="-76,0,-46,29" skin="IDB_BT_MIN" tip="最小化" />
	<!--imgbtn name="button.menu" pos="-110,0,-77,29" skin="IDB_BT_MENU" tip="菜单" action="menu:menu_main" menupos="-75,-0" /-->
	<!-- <imgbtn name="button.skin" pos="-106,0,-77,29" skin="IDB_BT_SKIN" tip="皮肤" show="1"/> -->
	<!-- <imgbtn name="button.setup" pos="-106,0,-77,29"  skin="IDB_BT_SETUP" show="1"/> -->

	<!-- <textbtn name="textbtn" skin="" crtext="FFFFFF"
			pos="-116,4,-77,25" show="1" title="[LOGIN]" action="dlg:dlg_login" /> -->
    <textbtn name="setup" skin="" crtext="FFFFFF" cursor="hand"
			pos="-116,4,-77,25" show="1" title="设置" />

	<text name="title" crtext="FFFFFF" crmark="800000" crshadow="808080" font="big"
			pos="10,4,250,25" title="[APP_NAME]" response="0" show="1" />
	<!-- <text name="user.current" crtext="FFFFFF" crmark="800000" align="right"
			pos="-250,4,-185,25" title="test" tip="登录用户：test" show="1" />
	<textbtn name="textbtn" skin="" crtext="FFFFFF"
			pos="-180,4,-141,25" show="1" title="[LOGIN]" action="dlg:dlg_login" /> -->
	
  </base>
  
  <body>
	<area name="area-1" pos="0,0,-0,-0" begin-transparent="100" end-transparent="90" />
	<!--area name="area-sep1" pos="0,136,-0,136" begin-transparent="70" end-transparent="70" /-->
	<!-- <area name="area-search" pos="0,136,-0,164" begin-transparent="70" end-transparent="70" /> -->
	<!-- <area name="area-2" pos="0,164,-0,-0" begin-transparent="30" end-transparent="30" />
	<area name="area-3" pos="0,-27,-0,-26" begin-transparent="70" end-transparent="70" />  -->
	<area name="area-4" pos="0,-26,-0,-0" begin-transparent="88" end-transparent="88" />
	
	<text name="text.devname" crtext="FFFFFF"  crmark="800000" align="center" font="bigbig" crbk="808080" 
			pos="0,100,-0,150" title="Blueberry-xxx"   show="1" />

	<!-- <text name="text.tip" crtext="FFFFFF" crmark="800000" align="center" font="big"
			pos="0,140,-0,200" title="Ready to accept iPhone/iPad/Mac mirror to this computer"   show="1" /> -->
	<text   crtext="FFFFFF" crmark="800000" align="center" font="big"
			pos="0,150,-0,200" title="已经准备好接收 iPhone/iPad/Mac 镜像到此电脑"   show="1" />
			
			
		<!-- <text name="text.tip" crtext="FFFFFF" crmark="800000" align="center" font="default"
			pos="0,310,-0,380" title="Waiting connections from clients..."   show="1" />		 -->
			
		<text crtext="FFFFFF" crmark="800000" align="center" font="default"
			pos="0,310,-0,380" title="等待连接..."   show="1" />

	<!-- <imgbtn name="button.menu.user" pos="80,60,91,71" img-btn="skins\im\state\status_online.png"
			tip="菜单" action="menu:menu_state" menupos="0,-0" /> -->
	<!-- <edit name="edit.user.sign" skin="IDB_EDIT-"
			pos="0,70,-65,100" title="" tip="编辑个性签名" crtip="255,245,245,245"
			crback="0,255,255,255"
			multiline="0" autohscroll="1" autovscroll="0" number="0" readonly="0" maxchar="50"
			font="default" /> -->
	
	<!--img name="image.user.frame" pos="-60,50" width="46" height="46" image="skins\im\head_bkg.png"
				mode="extrude" framesize="0" /-->
	<!-- <img name="image.user.frame" pos="-60,52" width="50" height="50" image="skin:IDB_WINDOW_SHADOW"
				mode="mid" width-lt="5" height-lt="3" width-rb="5" height-rb="7" />
	<img name="image.user" pos="-55,55" width="40" height="40" image="skins\im\head\181.png"
				mode="extrude" framesize="1" tip="头像" />
	 -->
	<!-- <edit name="edit.user.search" skin="IDB_EDIT-" small-image="skins\simage\search_normal.png"
			pos="0,136,-0,164" title="" tip="搜索：联系人、群组" crtip="255,245,245,245"
			multiline="0" autohscroll="1" autovscroll="0" number="0" readonly="0" maxchar="50"
			font="default" /> -->
 
	<div name="footer" pos="0,-26,-0,-0" >	
		<!-- <imgbtn name="button.menu" pos="1,-23,26,-1" image="skins\button\listview_thumb.png"
			tip="菜单" showfocus="0" action="menu:menu_main" menupos="0,0,0,-0" /> -->
 
 		<!-- <text name="text.tip" crtext="FFFFFF" crmark="800000" align="center" font="default"
			pos="100,310,-100,380" title="Waiting connections from clients..."   show="1" />	 -->

		<textbtn name="textbtn" skin="" crtext="FFFFFF" align="center" cursor="hand"
			pos="200,4,-200,25" show="1" title="如果使用有问题, 点击查看教程" action="link:http://deeprd.com/docs/2020/02/%E8%93%9D%E8%8E%93%E6%8A%95%E5%B1%8Fwindows%E7%89%88%E4%BD%BF%E7%94%A8%E5%BF%85%E8%AF%BB/" />

		<textbtn name="textbtn" skin="" crtext="FFFFFF" align="left" cursor="hand"
			pos="10,4,80,25" show="1" title="关于" action="link:http://deeprd.com/" />	
		<!-- <textbtn name="textbtn" skin="" crtext="FFFFFF" align="right" cursor="hand"
			pos="-100,4,-10,25" show="1" title="关于" action="link:http://deeprd.com/" />	 -->

 				
	</div>	
	
  </body>
  
</dlg>
